City,Station,FileName,Lat,Long,Address
Ahmednagar,"Tarakpur, Ahmednagar - MPCB",Ahmednagar_Tarakpur__Ahmednagar_-_MPCB.csv,19.10122,74.73339,"New Arts, Commerce &amp; Science College, Lal Taki Road, Tarakpur, Ahmednagar."
Akola,"Ramdaspeth, Akola - MPCB",Akola_Ramdaspeth__Akola_-_MPCB.csv,20.719516,77.000253,"Shri Shivaji College, Near Akot Road, behind Shivaji Park, Ramdaspeth, Akola."
Amravati,"Shivneri Colony, Amravati - MPCB",Amravati_Shivneri_Colony__Amravati_-_MPCB.csv,20.9402359,77.7895248,"MPCB Premises, University Road, Beside Post office Colony, Amravati"
Amravati,"Shri Shivaji Science College, Amravati - MPCB",Amravati_Shri_Shivaji_Science_College__Amravati_-_MPCB.csv,20.939198,77.765701,"Shri Shivaji Science College, Amravati - MPCB"
Aurangabad,"MIDC Chilkalthana, Aurangabad - MPCB",Aurangabad_MIDC_Chilkalthana__Aurangabad_-_MPCB.csv,19.87562,75.38731,"MPCB Regional Office, Behind Dhoot Hospital, Near BMW Service Center, Aurangabad"
Aurangabad,"More Chowk Waluj, Aurangabad - MPCB",Aurangabad_More_Chowk_Waluj__Aurangabad_-_MPCB.csv,19.8389439,75.244448,
Aurangabad,"Rachnakar Colony, Aurangabad - MPCB",Aurangabad_Rachnakar_Colony__Aurangabad_-_MPCB.csv,19.863756,75.321188,"Deogiri College of Engineering And Management Campus, Railways Station Road, Aurangabad."
Badlapur,"Katrap, Badlapur - MPCB",Badlapur_Katrap__Badlapur_-_MPCB.csv,19.16485,73.23409,"Shree Prakash Amte Udyan, Near Vivekanand Soc, Badlapur East"
Belapur,"CBD Belapur, Belapur - MPCB",Belapur_CBD_Belapur__Belapur_-_MPCB.csv,19.0243902,73.0406721,"CBD Fire station, Near Sion Panvel Highway, Belapur, Sector-1A, Navi Mumbai."
Bhiwandi,"Gokul Nagar, Bhiwandi - MPCB",Bhiwandi_Gokul_Nagar__Bhiwandi_-_MPCB.csv,19.309073,73.057223,"Municipal Corporation Kondawada, Kombadpada, Gokul Nagar. Bhiwandi.(Near Fire Brigade Station)"
Boisar,"Khaira, Boisar - MPCB",Boisar_Khaira__Boisar_-_MPCB.csv,19.786089,72.757971,"JSW Housing Complex, Tarapur M.I.D.C., Khaira, Maharashtra 401501"
Chandrapur,"MIDC Khutala, Chandrapur - MPCB",Chandrapur_MIDC_Khutala__Chandrapur_-_MPCB.csv,19.9775302,79.2337086,"Khutala, Maharashtra 442406"
Chandrapur,"Chauhan Colony, Chandrapur - MPCB",Chandrapur_Chauhan_Colony__Chandrapur_-_MPCB.csv,19.9629,79.298714,
Dhule,"Deopur, Dhule - MPCB",Dhule_Deopur__Dhule_-_MPCB.csv,20.918946,74.776388,"Deopur, Navarang Taki, Dhule, Maharashtra, India"
Jalgaon,"Prabhat Colony, Jalgaon - MPCB",Jalgaon_Prabhat_Colony__Jalgaon_-_MPCB.csv,21.001264,75.565602,"Old JMC School, No. 45, Vivekanand Nagar, Prabhat Colony, Jalgaon."
Jalna,"Old MIDC, Jalna - MPCB",Jalna_Old_MIDC__Jalna_-_MPCB.csv,19.854616,75.905894,"JES College, Old MIDC, Dist. Jalna, Maharashtra."
Kalyan,"Khadakpada, Kalyan - MPCB",Kalyan_Khadakpada__Kalyan_-_MPCB.csv,19.25292,73.142019,"Kalyan Municipal Corporation Ward Office-B Ward, Khadakpada Kalyan (W)."
Kalyan,"Pimpleshwar Mandir, Kalyan - MPCB",Kalyan_Pimpleshwar_Mandir__Kalyan_-_MPCB.csv,19.192056,72.9585188,"Tiwani Chawl, Surve Wadi, M.S. Road No. 9, Teen Hath Naka, Thane, Maharashtra 400604"
Kolhapur,"Sinchan Bhavan, Kolhapur - MPCB",Kolhapur_Sinchan_Bhavan__Kolhapur_-_MPCB.csv,16.6870449,74.2505872,"Near CSIBER Chowk, Near MSEB substation, Shivaji University, Kolhapur"
Kolhapur,"Shivaji University, Kolhapur - MPCB",Kolhapur_Shivaji_University__Kolhapur_-_MPCB.csv,16.7143745,74.2426398,"Kolhapur Irrigation Division (North) Office Premises, Sinchan Bhavan, Tarabai Park, Kolhapur"
Latur,"Sawe Wadi, Latur - MPCB",Latur_Sawe_Wadi__Latur_-_MPCB.csv,18.39963,76.57452,"Vilas Rao Deshmukh Park (Nana-Nani Park), Sawe Wadi, Latur."
Mahad,"Kamble Tarf Birwadi, Mahad - MPCB",Mahad_Kamble_Tarf_Birwadi__Mahad_-_MPCB.csv,18.1023399,73.4783687,"Plot No.P43, MIDC Industrial Estate, MIDC Mahad, Birwadi, Mahad, Raigad, Maharashtra."
Malegaon,"Mahesh Nagar, Malegaon - MPCB",Malegaon_Mahesh_Nagar__Malegaon_-_MPCB.csv,20.555712,74.529236,"Khwaja Garib Nawaz, Main Fire Station, Mahesh Nagar, Near Shivaji Maharaj Statue, Malegaon, Maharashtra."
Mira-Bhayandar,"Bhayandar West, Mira-Bhayandar - MPCB",Mira-Bhayandar_Bhayandar_West__Mira-Bhayandar_-_MPCB.csv,19.296481,72.840923,"Subash Chandra Bose Ground, Bhayandar West, Mira Bhayandar, Maharashtra"
Mumbai,"Bandra Kurla Complex, Mumbai - MPCB",Mumbai_Bandra_Kurla_Complex__Mumbai_-_MPCB.csv,19.065931,72.862131,"BKC Ground, Near Asian Heart Institute, Bandra Kurla Complex, Mumbai"
Mumbai,"Deonar, Mumbai - IITM",Mumbai_Deonar__Mumbai_-_IITM.csv,19.04946,72.923,"System Of Air Quality Andweather Forecasting Research, Bmc Mumbai International Institute For Population Sciences, Govandi Station Road, Near Govandi Station Over Bridge, Deonar, Chembur."
Mumbai,"Colaba, Mumbai - MPCB",Mumbai_Colaba__Mumbai_-_MPCB.csv,18.91,72.82,"MCGM, Sewage Treatment Plant, Near Afgan Church, SBS Road, Navy Nagar, Colaba."
Mumbai,"Borivali East, Mumbai - MPCB",Mumbai_Borivali_East__Mumbai_-_MPCB.csv,19.2243333,72.8658113,"Maharashtra Pollution Control Board, Near Lion Safari, Sanjay Gandhi National Park, N.H.-8, Borivali (E), Mumbai."
Mumbai,"Vile Parle West, Mumbai - MPCB",Mumbai_Vile_Parle_West__Mumbai_-_MPCB.csv,19.10861,72.83622,"CAAQMS- Maharashtra Pollution Control Board, U15, Bhaktivedanta Swami Marg, Juhu Scheme, Juhu, Mumbai."
Mumbai,"Shivaji Nagar, Mumbai - BMC",Mumbai_Shivaji_Nagar__Mumbai_-_BMC.csv,19.060498,72.923356,"Govandi Public School No-2, Govandi West, Raman Mama Nagar, Shivaji Nagar"
Mumbai,"Chembur, Mumbai - MPCB",Mumbai_Chembur__Mumbai_-_MPCB.csv,19.0364585,72.8954371,"RCF Colony, Mahul Rd, Azad Nagar, near RCF Police Station, Chembur, Mumbai, Maharashtra"
Mumbai,"Kandivali West, Mumbai - BMC",Mumbai_Kandivali_West__Mumbai_-_BMC.csv,19.215859,72.831718,"213, RDP Road No.-6, Shivkrupa CHS, RDP8, Charkop Sector-3, Kandivali West."
Mumbai,"Khindipada-Bhandup West, Mumbai - IITM",Mumbai_Khindipada-Bhandup_West__Mumbai_-_IITM.csv,19.1653323,72.922099,"System Of Air Quality And weather Forecasting Research, Bmc Mumbai, Water Filteration Plant, Bhandup West, Mumbai"
Mumbai,"Borivali East, Mumbai - IITM",Mumbai_Borivali_East__Mumbai_-_IITM.csv,19.23241,72.86895,"System Of Air Quality Andweather Forecasting Research, Bmc Mumbai Cti & Rc, Bmc, Abhinav Nagar, Behind National Park, Borivali East - 400066"
Mumbai,"Chhatrapati Shivaji Intl. Airport (T2), Mumbai - MPCB",Mumbai_Chhatrapati_Shivaji_Intl__Airport__T2___Mumbai_-_MPCB.csv,19.10078,72.87462,"CAAQMS-Maharashtra Pollution Control Board, GVK Mumbai Airport Terminal 2, Near Gate No.06, Navpada Sahar Village, CSMIA, Andheri (East), Mumbai"
Mumbai,"Sion, Mumbai - MPCB",Mumbai_Sion__Mumbai_-_MPCB.csv,19.047,72.8746,"K J Somaiya Hospital, Sion (E), Mumbai, Maharashtra."
Mumbai,"Ghatkopar, Mumbai - BMC",Mumbai_Ghatkopar__Mumbai_-_BMC.csv,19.083694,72.920967,"BMC Pumping Station, Mankur, Near Highway BMC Public Toilet, Ghatkopar East, Mumbai."
Mumbai,"Kurla, Mumbai - MPCB",Mumbai_Kurla__Mumbai_-_MPCB.csv,19.0863,72.8888,"LBS Road, Kamani,Kurla West, Phoenix Market City, Mumbai."
Mumbai,"Chakala-Andheri East, Mumbai - IITM",Mumbai_Chakala-Andheri_East__Mumbai_-_IITM.csv,19.11074,72.86084,"System Of Air Quality Andweather Forecasting Research, Bmc Mumbai, 2 Guru Hargovindji Rd, S B Singh Colony, Chakala, Andheri East, Mumbai- 400059"
Mumbai,"Mazgaon, Mumbai - IITM",Mumbai_Mazgaon__Mumbai_-_IITM.csv,18.96702,72.84214,"System of Air Quality and Weather Forecasting Research C/o BMC Mumbai, Joseph Baptista Garden, Garden Rd, Ekta Nagar, Mazgaon, Mumbai"
Mumbai,"Malad West, Mumbai - IITM",Mumbai_Malad_West__Mumbai_-_IITM.csv,19.19709,72.82204,"System Of Air Quality Andweather Forecasting Research, Bmc Mumbai Fire Brigade Station,Near Asmitajyoti Housing Society, Malad West, Mumbai"
Mumbai,"Sewri, Mumbai - BMC",Mumbai_Sewri__Mumbai_-_BMC.csv,19.000084,72.85673,"BMC Public School 19, Sewri Koliwada, MPT, Near Sewri Station Road."
Mumbai,"Mulund West, Mumbai - MPCB",Mumbai_Mulund_West__Mumbai_-_MPCB.csv,19.175,72.9419,"Maharashtra Pollution Control Board, Near car parking Johnson and Johnson P Ltd L B S Marg, Mulund W, Mumbai"
Mumbai,"Navy Nagar-Colaba, Mumbai - IITM",Mumbai_Navy_Nagar-Colaba__Mumbai_-_IITM.csv,18.897756,72.81332,"System Of Air Quality And weather Forecasting Research, Bmc Mumbai Indian Meteorological Department, Nananbhaimoosa Marg, Near Rc Church, Colaba, Mumbai 400005"
Mumbai,"Worli, Mumbai -MPCB",Mumbai_Worli__Mumbai_-MPCB.csv,18.994218,72.8158167,"NEERI-89B, Dr. Annie Besant Road, Near Flyover, Worli, Mumbai."
Mumbai,"Mindspace-Malad West, Mumbai - MPCB",Mumbai_Mindspace-Malad_West__Mumbai_-_MPCB.csv,19.1878657,72.8304069,"Dr. APJ Abdul Kalam Vanodyan, Mindspace, Near Interface Hights, Malad West, Mumbai"
Mumbai,"Byculla, Mumbai - BMC",Mumbai_Byculla__Mumbai_-_BMC.csv,18.9767,72.838,"Park View Apartments Parking, Byculla East, Veer Jijamata Udyan, BMC Gate, Mumbai."
Mumbai,"Kherwadi_Bandra East, Mumbai - MPCB",Mumbai_Kherwadi_Bandra_East__Mumbai_-_MPCB.csv,19.0632143,72.8456324,"Government Polytechnic Collage, A Y Jang Marg, Kherwadi, Bandra East, Mumbai."
Mumbai,"Powai, Mumbai - MPCB",Mumbai_Powai__Mumbai_-_MPCB.csv,19.1375,72.915056,"CAAQMS- Maharashtra Pollution Control Board, Near Hostel-15 (Trident), IIT Campus, Powai, Mumbai."
Mumbai,"Siddharth Nagar-Worli, Mumbai - IITM",Mumbai_Siddharth_Nagar-Worli__Mumbai_-_IITM.csv,19.000083,72.813993,"System Of Air Quality Andweather Forecasting Research, Bmc Mumbai Lal Bahadur Shastri Garden, 60, Worli Hill Rd, Siddharth Nagar, Worli, Mumbai- 400018"
Nagpur,"Mahal, Nagpur - MPCB",Nagpur_Mahal__Nagpur_-_MPCB.csv,21.14472,79.107595,"Old Town Hall Building NMC, Mahal, Nagpur."
Nagpur,"Opp GPO Civil Lines, Nagpur - MPCB",Nagpur_Opp_GPO_Civil_Lines__Nagpur_-_MPCB.csv,21.152875,79.0517531,
Nagpur,"Ram Nagar, Nagpur - MPCB",Nagpur_Ram_Nagar__Nagpur_-_MPCB.csv,21.143383,79.048912,"Laxminarayan Institute of Technology, Amravati Road, Ram Nagar, Nagpur, Maharashtra"
Nagpur,"Ambazari, Nagpur - MPCB",Nagpur_Ambazari__Nagpur_-_MPCB.csv,21.121801,79.04952,"Beside SBI VRC Opp. to NPTI South, Ambazari Road, Ambazari, Nagpur"
Nanded,"Sneh Nagar, Nanded - MPCB",Nanded_Sneh_Nagar__Nanded_-_MPCB.csv,19.173852,77.296291,"Agriculture Technical School, Near Science College, Sneh Nagar, Nanded, Maharashtra."
Nashik,"Pandav Nagari, Nashik - MPCB",Nashik_Pandav_Nagari__Nashik_-_MPCB.csv,19.9591346,73.7788008,"Guru Gobind Singh Collage of Engineering And Research Centre, Guru Gobind Singh Marg,Wadala Pathardi Road, Indira Nagar Annexe, Nashik."
Nashik,"MIDC Ambad, Nashik - MPCB",Nashik_MIDC_Ambad__Nashik_-_MPCB.csv,19.95022,73.73148,"P-25, AIMA Recreation Centre, MIDC Ambad, Nashik."
Nashik,"Gangapur Road, Nashik - MPCB",Nashik_Gangapur_Road__Nashik_-_MPCB.csv,20.0073285,73.7762427,"Gangapur Road, Nashik, Maharashtra 422002"
Nashik,"Hirawadi, Nashik - MPCB",Nashik_Hirawadi__Nashik_-_MPCB.csv,20.021503,73.813844,"Behind Late Sadashiv Bhore NMC Theater, Opp. Gems English Medium School, Hirawadi, Panchvati, Nashik"
Navi Mumbai,"Tondare-Taloja, Navi Mumbai - MPCB",Navi_Mumbai_Tondare-Taloja__Navi_Mumbai_-_MPCB.csv,19.063,73.1209,"Near Water Tank, MIDC to M/s Hindalco, MIDC Taloja."
Navi Mumbai,"Sanpada, Navi Mumbai - MPCB",Navi_Mumbai_Sanpada__Navi_Mumbai_-_MPCB.csv,19.0575752,73.0151367,"Sensory Garden, Juinagar Station Road, Near Ryan International School, near from, Sector-10, Sanpada, Navi Mumbai, Maharashtra."
Navi Mumbai,"Mahape, Navi Mumbai - MPCB",Navi_Mumbai_Mahape__Navi_Mumbai_-_MPCB.csv,19.1135051,73.008978,"Maharashtra Pollution Control Board, CAAQM Station, Ground Floor, Central Laboratory, Nirmal Bhavan P-3, Mahape, Navi Mumbai."
Navi Mumbai,"Kopripada-Vashi, Navi Mumbai - MPCB",Navi_Mumbai_Kopripada-Vashi__Navi_Mumbai_-_MPCB.csv,19.090337,73.014232,"Tortoise Amusement Park, 180, Ram Mandir Rd, Kopripada, Sector 26, Vashi, Navi Mumbai."
Navi Mumbai,"Nerul, Navi Mumbai - MPCB",Navi_Mumbai_Nerul__Navi_Mumbai_-_MPCB.csv,19.008751,73.01662,"CAAQMS-MPCB,NMMC STP Compound, Sector 50- Nerul, Navi Mumbai."
Navi Mumbai,"Sector-2E Kalamboli, Navi Mumbai - MPCB",Navi_Mumbai_Sector-2E_Kalamboli__Navi_Mumbai_-_MPCB.csv,19.02579,73.10297,"Sector-2E, Smruti Van Park, Kalamboli, Panvel, Navi Mumbai."
Parbhani,"Masoom Colony, Parbhani - MPCB",Parbhani_Masoom_Colony__Parbhani_-_MPCB.csv,19.265594,76.761463,"DSM College, Jintur Road, Behind Z.P. Parbhani, Masoom Colony, Parbhani, Maharashtra."
Pimpri-Chinchwad,"Park Street Wakad, Pimpri Chinchwad - MPCB",Pimpri-Chinchwad_Park_Street_Wakad__Pimpri_Chinchwad_-_MPCB.csv,18.59051,73.77946,"Wakad-Pimple Saudagar Road, Kaspate Vasti, Wakad, Pimpri Chinchwad, Pune, Maharashtra."
Pimpri-Chinchwad,"Savta Mali Nagar, Pimpri-Chinchwad - IITM",Pimpri-Chinchwad_Savta_Mali_Nagar__Pimpri-Chinchwad_-_IITM.csv,18.614767,73.799516,"System of Air Quality, Weather Forecasting And Research, 6, Viabhav Nagar Road, Genuji Waghere Nagar, Savta Mali Nagar, Pimpri Colony, Pimpri-Chinchwa"
Pimpri-Chinchwad,"Thergaon, Pimpri Chinchwad - MPCB",Pimpri-Chinchwad_Thergaon__Pimpri_Chinchwad_-_MPCB.csv,18.616318,73.765797,"Chhatrapati Shivaji Maharaj Park, Aditya Birla Hospital Marg, Dange Chowk Road, Thergaon, Pimpri-Chinchwad."
Pimpri-Chinchwad,"Alandi, Pimpri-Chinchwad - IITM",Pimpri-Chinchwad_Alandi__Pimpri-Chinchwad_-_IITM.csv,18.675076,73.892743,"System Of Air Quality And weather Forecasting Research MIT Academy Of Engineering Dehu Phata, Alandi"
Pimpri-Chinchwad,"Bhumkar Nagar, Pimpri-Chinchwad - IITM",Pimpri-Chinchwad_Bhumkar_Nagar__Pimpri-Chinchwad_-_IITM.csv,18.60577,73.749976,"System of Air Quality And Weather Forecasting Research, Near PCMC Water Tank, Bhagwan Nagar, Bhumkar Chowk, Wakad, Pune."
Pimpri-Chinchwad,"Bhosari,Pimpri-Chinchwad - IITM",Pimpri-Chinchwad_Bhosari_Pimpri-Chinchwad_-_IITM.csv,18.640051,73.848956,"System Of Air Quality And weather Forecasting Research Major Dhyanchand Hockey Stadium Bhosari Rd, MIDC, Pimpri Colony, Pimpri Chinchwad, Maharashtra"
Pimpri-Chinchwad,"Gavalinagar, Pimpri Chinchwad - MPCB",Pimpri-Chinchwad_Gavalinagar__Pimpri_Chinchwad_-_MPCB.csv,18.63673,73.82487,"PCMC Rose Garden, Gavalinagar, Bhosari, Pimpri Chinchwad, Pune, Maharashtra."
Pimpri-Chinchwad,"Transport Nagar-Nigdi, Pimpri-Chinchwad- IITM",Pimpri-Chinchwad_Transport_Nagar-Nigdi__Pimpri-Chinchwad-_IITM.csv,18.664282,73.763966,"System Of Air Quality And weather Forecasting Research Transport Nagar, Nigdi, Pimpri Chinchwad"
Pune,"Revenue Colony-Shivajinagar, Pune - IITM",Pune_Revenue_Colony-Shivajinagar__Pune_-_IITM.csv,18.530085,73.849598,"System Of Air Quality And weather Forecasting Research India Meteorological Department, University Rd, Revenue Colony, Shivajinagar, Pune"
Pune,"Mhada Colony, Pune - IITM",Pune_Mhada_Colony__Pune_-_IITM.csv,18.57304,73.927715,"System Of Air Quality And weather Forecasting Research CWE Office, Near Mhada Colony,Viman Nagar, In Front Of Airport, Pune"
Pune,"Savitribai Phule Pune University, Pune - MPCB",Pune_Savitribai_Phule_Pune_University__Pune_-_MPCB.csv,18.547056,73.826908,"Department of Environmental Sciences, Savitribai Phule Pune University Premises, Ganeshkhind Road, Pune."
Pune,"Hadapsar, Pune - IITM",Pune_Hadapsar__Pune_-_IITM.csv,18.501793,73.927532,"System Of Air Quality And weather Forecasting Research Ram Manohar Lohiya Udyan, Pune Solapur Road, Hadapsar"
Pune,"Katraj Dairy, Pune - MPCB",Pune_Katraj_Dairy__Pune_-_MPCB.csv,18.45445,73.854155,"Katraj Dairy Campus, in front of Sarhad college of arts, commerce and science, Near Pune-Kashmir Maitri chowk, Katraj, Pune."
Pune,"Dhankawadi, Pune - IITM",Pune_Dhankawadi__Pune_-_IITM.csv,18.459883,73.852193,"Bharati Vidyapeeth Campus, Dhankawadi, Pune."
Pune,"Panchawati_Pashan, Pune - IITM",Pune_Panchawati_Pashan__Pune_-_IITM.csv,18.536457,73.805454,"System Of Air Quality And Weather Forecasting Research, IITM, Dr. Homi Bhabha Road, Panchawati, Pashan, Pune."
Sangli,"Vijay Nagar, Sangli - MPCB",Sangli_Vijay_Nagar__Sangli_-_MPCB.csv,16.5038,74.3623,"Collector Office Premises, Near District Court, Sangali Miraj Road, Vijay Nagar, Sangli."
Solapur,"Ratandeep Housing Society, Solapur - MPCB",Solapur_Ratandeep_Housing_Society__Solapur_-_MPCB.csv,17.65439,75.90649,"New Revenue Building, Niyojan Bhavan, Saat Rasta, Ratandeep Housing Society, Solapur."
Solapur,"Dnyaneshwar Nagar, Solapur - MPCB",Solapur_Dnyaneshwar_Nagar__Solapur_-_MPCB.csv,17.6336264,75.9132495,"Jule Police Chowki, Near Dumping Yard, Dnyaneshwar Nagar, Jule, Solapur"
Thane,"Upvan Fort, Thane - MPCB",Thane_Upvan_Fort__Thane_-_MPCB.csv,19.222279,72.957979,"Near Shree Palaydevi Mandir, Upvan Lake, Thane West."
Thane,"Kasarvadavali, Thane - MPCB",Thane_Kasarvadavali__Thane_-_MPCB.csv,19.26777,72.97182,"Childrens Traffic Park, Kavesar, Ghodbunder Road, Thane"
Ulhasnagar,"Sidhi Vinayak Nagar, Ulhasnagar - MPCB",Ulhasnagar_Sidhi_Vinayak_Nagar__Ulhasnagar_-_MPCB.csv,19.235581,73.159121,"Sidhi Vinayak Nagar, Gol Maidan, Ulhasnagar."
Virar,"Bolinj, Virar - MPCB",Virar_Bolinj__Virar_-_MPCB.csv,19.445821,72.7988231,"Bolinj Fish Market, Virar West"
